{
    "P931": {
        "sons": [],
        "fathers": [
            "P7153"
        ]
    },
    "P7153": {
        "sons": [
            "P131",
            "P27",
            "P4688",
            "P931",
            "P1001",
            "P4552",
            "P206",
            "P17",
            "P937",
            "P159",
            "P276",
            "P551",
            "P495",
            "P740",
            "P706"
        ],
        "fathers": [
            "P131",
            "P4688",
            "P706",
            "P7153",
            "P276",
            "P17"
        ]
    },
    "P4552": {
        "sons": [],
        "fathers": [
            "P7153",
            "P276",
            "P706",
            "P4688"
        ]
    },
    "P4688": {
        "sons": [
            "P4552"
        ],
        "fathers": [
            "P7153",
            "P276",
            "P706",
            "P4688"
        ]
    },
    "P706": {
        "sons": [
            "P4552",
            "P4688"
        ],
        "fathers": [
            "P7153",
            "P276",
            "P706",
            "P4688"
        ]
    },
    "P276": {
        "sons": [
            "P131",
            "P27",
            "P4688",
            "P1001",
            "P4552",
            "P206",
            "P17",
            "P551",
            "P495",
            "P740",
            "P706"
        ],
        "fathers": [
            "P131",
            "P4688",
            "P706",
            "P7153",
            "P276",
            "P17"
        ]
    },
    "P140": {
        "sons": [],
        "fathers": []
    },
    "P150": {
        "sons": [],
        "fathers": [
            "P527"
        ]
    },
    "P527": {
        "sons": [
            "P150"
        ],
        "fathers": [
            "P527"
        ]
    },
    "P6": {
        "sons": [],
        "fathers": [
            "P488",
            "P3342"
        ]
    },
    "P488": {
        "sons": [
            "P6"
        ],
        "fathers": [
            "P488",
            "P3342"
        ]
    },
    "P3342": {
        "sons": [
            "P1877",
            "P26",
            "P3373",
            "P40",
            "P1038",
            "P488",
            "P1346",
            "P175",
            "P991",
            "P6",
            "P1923",
            "P710",
            "P25",
            "P22"
        ],
        "fathers": [
            "P1038",
            "P488",
            "P1346",
            "P710",
            "P3342"
        ]
    },
    "P449": {
        "sons": [],
        "fathers": []
    },
    "P1435": {
        "sons": [],
        "fathers": [
            "P31"
        ]
    },
    "P31": {
        "sons": [
            "P1435",
            "P105"
        ],
        "fathers": [
            "P31"
        ]
    },
    "P175": {
        "sons": [],
        "fathers": [
            "P710",
            "P3342"
        ]
    },
    "P710": {
        "sons": [
            "P1346",
            "P1923",
            "P175",
            "P991"
        ],
        "fathers": [
            "P1346",
            "P710",
            "P3342"
        ]
    },
    "P1344": {
        "sons": [
            "P118"
        ],
        "fathers": [
            "P1344",
            "P793"
        ]
    },
    "P793": {
        "sons": [
            "P1344",
            "P118"
        ],
        "fathers": [
            "P1344",
            "P793"
        ]
    },
    "P39": {
        "sons": [],
        "fathers": []
    },
    "P740": {
        "sons": [],
        "fathers": [
            "P7153",
            "P276"
        ]
    },
    "P84": {
        "sons": [],
        "fathers": [
            "P287",
            "P170"
        ]
    },
    "P287": {
        "sons": [
            "P84"
        ],
        "fathers": [
            "P287",
            "P170"
        ]
    },
    "P170": {
        "sons": [
            "P84",
            "P178",
            "P86",
            "P50",
            "P287",
            "P57",
            "P58"
        ],
        "fathers": [
            "P287",
            "P170",
            "P50"
        ]
    },
    "P57": {
        "sons": [],
        "fathers": [
            "P170",
            "P50"
        ]
    },
    "P50": {
        "sons": [
            "P57",
            "P86",
            "P58"
        ],
        "fathers": [
            "P170",
            "P50"
        ]
    },
    "P22": {
        "sons": [],
        "fathers": [
            "P1038",
            "P3342"
        ]
    },
    "P1038": {
        "sons": [
            "P3373",
            "P25",
            "P22",
            "P40"
        ],
        "fathers": [
            "P1038",
            "P3342"
        ]
    },
    "P241": {
        "sons": [],
        "fathers": [
            "P361"
        ]
    },
    "P361": {
        "sons": [
            "P102",
            "P241",
            "P463",
            "P1416",
            "P59",
            "P3450"
        ],
        "fathers": [
            "P361",
            "P1416",
            "P463"
        ]
    },
    "P403": {
        "sons": [],
        "fathers": []
    },
    "P135": {
        "sons": [],
        "fathers": []
    },
    "P991": {
        "sons": [],
        "fathers": [
            "P1346",
            "P710",
            "P3342"
        ]
    },
    "P1346": {
        "sons": [
            "P991"
        ],
        "fathers": [
            "P1346",
            "P710",
            "P3342"
        ]
    },
    "P156": {
        "sons": [],
        "fathers": []
    },
    "P176": {
        "sons": [],
        "fathers": []
    },
    "P1877": {
        "sons": [],
        "fathers": [
            "P3342"
        ]
    },
    "P1408": {
        "sons": [],
        "fathers": []
    },
    "P159": {
        "sons": [],
        "fathers": [
            "P7153"
        ]
    },
    "P3373": {
        "sons": [],
        "fathers": [
            "P1038",
            "P3342"
        ]
    },
    "P106": {
        "sons": [],
        "fathers": []
    },
    "P551": {
        "sons": [],
        "fathers": [
            "P7153",
            "P276"
        ]
    },
    "P937": {
        "sons": [],
        "fathers": [
            "P7153"
        ]
    },
    "P355": {
        "sons": [],
        "fathers": [
            "P1830"
        ]
    },
    "P1830": {
        "sons": [
            "P355"
        ],
        "fathers": [
            "P1830"
        ]
    },
    "P137": {
        "sons": [],
        "fathers": [
            "P1535"
        ]
    },
    "P1535": {
        "sons": [
            "P137"
        ],
        "fathers": [
            "P1535"
        ]
    },
    "P674": {
        "sons": [],
        "fathers": []
    },
    "P466": {
        "sons": [],
        "fathers": []
    },
    "P136": {
        "sons": [],
        "fathers": []
    },
    "P306": {
        "sons": [],
        "fathers": []
    },
    "P127": {
        "sons": [],
        "fathers": []
    },
    "P400": {
        "sons": [],
        "fathers": []
    },
    "P974": {
        "sons": [],
        "fathers": []
    },
    "P460": {
        "sons": [],
        "fathers": []
    },
    "P118": {
        "sons": [],
        "fathers": [
            "P1344",
            "P793"
        ]
    },
    "P264": {
        "sons": [],
        "fathers": []
    },
    "P750": {
        "sons": [],
        "fathers": []
    },
    "P58": {
        "sons": [],
        "fathers": [
            "P170",
            "P50"
        ]
    },
    "P3450": {
        "sons": [],
        "fathers": [
            "P361"
        ]
    },
    "P105": {
        "sons": [],
        "fathers": [
            "P31"
        ]
    },
    "P101": {
        "sons": [],
        "fathers": []
    },
    "P407": {
        "sons": [
            "P364"
        ],
        "fathers": [
            "P407"
        ]
    },
    "P1001": {
        "sons": [],
        "fathers": [
            "P7153",
            "P276"
        ]
    },
    "P131": {
        "sons": [
            "P27",
            "P495",
            "P17"
        ],
        "fathers": [
            "P7153",
            "P276",
            "P131",
            "P17"
        ]
    },
    "P177": {
        "sons": [],
        "fathers": []
    },
    "P641": {
        "sons": [],
        "fathers": []
    },
    "P206": {
        "sons": [],
        "fathers": [
            "P7153",
            "P276"
        ]
    },
    "P412": {
        "sons": [],
        "fathers": []
    },
    "P155": {
        "sons": [],
        "fathers": []
    },
    "P26": {
        "sons": [],
        "fathers": [
            "P3342"
        ]
    },
    "P410": {
        "sons": [],
        "fathers": []
    },
    "P25": {
        "sons": [],
        "fathers": [
            "P1038",
            "P3342"
        ]
    },
    "P463": {
        "sons": [
            "P102"
        ],
        "fathers": [
            "P1416",
            "P361",
            "P463"
        ]
    },
    "P1416": {
        "sons": [
            "P102",
            "P463"
        ],
        "fathers": [
            "P1416",
            "P361",
            "P463"
        ]
    },
    "P921": {
        "sons": [],
        "fathers": []
    },
    "P1923": {
        "sons": [],
        "fathers": [
            "P710",
            "P3342"
        ]
    },
    "P27": {
        "sons": [],
        "fathers": [
            "P7153",
            "P276",
            "P131",
            "P17"
        ]
    },
    "P17": {
        "sons": [
            "P27",
            "P495"
        ],
        "fathers": [
            "P7153",
            "P276",
            "P131",
            "P17"
        ]
    },
    "P495": {
        "sons": [],
        "fathers": [
            "P7153",
            "P276",
            "P131",
            "P17"
        ]
    },
    "P123": {
        "sons": [],
        "fathers": []
    },
    "P178": {
        "sons": [],
        "fathers": [
            "P170"
        ]
    },
    "P1411": {
        "sons": [],
        "fathers": []
    },
    "P102": {
        "sons": [],
        "fathers": [
            "P1416",
            "P361",
            "P463"
        ]
    },
    "P1303": {
        "sons": [],
        "fathers": []
    },
    "P86": {
        "sons": [],
        "fathers": [
            "P170",
            "P50"
        ]
    },
    "P800": {
        "sons": [],
        "fathers": []
    },
    "P364": {
        "sons": [],
        "fathers": [
            "P407"
        ]
    },
    "P2094": {
        "sons": [],
        "fathers": []
    },
    "P59": {
        "sons": [],
        "fathers": [
            "P361"
        ]
    },
    "P413": {
        "sons": [],
        "fathers": []
    },
    "P40": {
        "sons": [],
        "fathers": [
            "P1038",
            "P3342"
        ]
    }
}