{
    "P931": 2,
    "P4552": 3,
    "P140": 4,
    "P1923": 5,
    "P150": 6,
    "P6": 7,
    "P27": 8,
    "P449": 9,
    "P1435": 10,
    "P175": 11,
    "P1344": 12,
    "P39": 13,
    "P527": 14,
    "P740": 15,
    "P706": 16,
    "P84": 17,
    "P495": 18,
    "P123": 19,
    "P57": 20,
    "P22": 21,
    "P178": 22,
    "P241": 23,
    "P403": 24,
    "P1411": 25,
    "P135": 26,
    "P991": 27,
    "P156": 28,
    "P176": 29,
    "P31": 30,
    "P1877": 31,
    "P102": 32,
    "P1408": 33,
    "P159": 34,
    "P3373": 35,
    "P1303": 36,
    "P17": 37,
    "P106": 38,
    "P551": 39,
    "P937": 40,
    "P355": 41,
    "P710": 42,
    "P137": 43,
    "P674": 44,
    "P466": 45,
    "P136": 46,
    "P306": 47,
    "P127": 48,
    "P400": 49,
    "P974": 50,
    "P1346": 51,
    "P460": 52,
    "P86": 53,
    "P118": 54,
    "P264": 55,
    "P750": 56,
    "P58": 57,
    "P3450": 58,
    "P105": 59,
    "P276": 60,
    "P101": 61,
    "P407": 62,
    "P1001": 63,
    "P800": 64,
    "P131": 65,
    "P177": 66,
    "P364": 67,
    "P2094": 68,
    "P361": 69,
    "P641": 70,
    "P59": 71,
    "P413": 72,
    "P206": 73,
    "P412": 74,
    "P155": 75,
    "P26": 76,
    "P410": 77,
    "P25": 78,
    "P463": 79,
    "P40": 80,
    "P921": 81
}